driver_id,total_fare,avg_distance
42,290.90999999999997,26.075000000000003
