driver_id,total_fare,avg_distance
94,109.19999999999999,31.356666666666666
91,66.13,24.89
